,danceability,energy,key,loudness,mode,speechiness,acousticness,instrumentalness,liveness,valence,tempo,type,time_signature
0,0.762,0.701,8,-3.541,1,0.0286,0.235,0.000158,0.123,0.742,110.968,audio_features,4
1,0.738,0.696,1,-3.59,1,0.0305,0.0236,9.09e-05,0.338,0.892,101.989,audio_features,4
2,0.504,0.579,5,-7.418,0,0.0423,0.315,0.0542,0.11,0.665,83.973,audio_features,4
3,0.401,0.918,8,-5.274,1,0.367,0.0149,0.77,0.397,0.525,86.063,audio_features,4
4,0.481,0.256,5,-14.291,0,0.0284,0.727,0.816,0.114,0.0383,104.112,audio_features,3
5,0.706,0.483,1,-7.929,1,0.0393,0.547,1.94e-06,0.136,0.663,92.002,audio_features,4
6,0.736,0.632,6,-5.92,1,0.251,0.179,0.0,0.0924,0.615,89.993,audio_features,4
7,0.598,0.475,1,-11.941,1,0.0524,0.0716,9.23e-05,0.0678,0.331,85.013,audio_features,4
8,0.438,0.266,7,-12.863,1,0.0363,0.922,0.000298,0.148,0.116,120.075,audio_features,4
9,0.803,0.498,8,-5.389,0,0.0634,0.279,1.33e-06,0.161,0.832,92.032,audio_features,4
10,0.831,0.542,10,-6.652,0,0.169,0.234,0.0,0.261,0.493,132.077,audio_features,4
11,0.342,0.294,2,-15.989,1,0.0426,0.592,0.674,0.0944,0.132,84.014,audio_features,4
12,0.653,0.265,4,-12.324,0,0.0709,0.702,0.000215,0.0963,0.367,99.732,audio_features,4
13,0.665,0.516,0,-11.27,0,0.0642,0.121,0.00152,0.105,0.494,93.983,audio_features,4
14,0.764,0.33,2,-12.801,0,0.0427,0.1,0.506,0.139,0.0686,119.978,audio_features,4
15,0.598,0.284,11,-11.981,0,0.0733,0.39,0.0049,0.154,0.285,123.15,audio_features,3
16,0.554,0.507,11,-6.099,0,0.166,0.246,0.0,0.283,0.34,137.876,audio_features,4
17,0.672,0.503,2,-5.141,1,0.0464,0.265,0.000321,0.204,0.465,60.496,audio_features,4
18,0.605,0.49,0,-7.148,1,0.0465,0.128,0.000119,0.38,0.355,140.172,audio_features,4
19,0.611,0.605,6,-9.151,1,0.0858,0.118,0.00012,0.0856,0.45,147.971,audio_features,4
20,0.589,0.699,1,-5.883,0,0.0291,0.285,8.11e-05,0.0881,0.496,145.997,audio_features,4
21,0.805,0.833,1,-6.73,0,0.12,0.0859,0.0,0.0578,0.703,109.076,audio_features,4
22,0.489,0.83,5,-8.546,0,0.0703,0.0755,1.15e-05,0.105,0.0741,104.815,audio_features,4
23,0.8,0.545,1,-7.002,0,0.126,0.00373,0.000507,0.0445,0.292,119.965,audio_features,4
24,0.533,0.487,4,-8.79,0,0.052,0.0458,0.833,0.113,0.339,141.427,audio_features,3
25,0.729,0.571,11,-9.188,0,0.0869,0.0774,0.213,0.0994,0.582,81.486,audio_features,4
26,0.592,0.535,5,-10.543,1,0.0257,0.372,0.143,0.146,0.464,104.994,audio_features,4
27,0.34,0.491,7,-7.0,1,0.0322,0.428,0.0397,0.226,0.248,176.309,audio_features,3
28,0.533,0.377,5,-7.659,0,0.03,0.558,0.0045,0.0952,0.528,150.99,audio_features,3
29,0.944,0.514,5,-7.895,1,0.195,0.0684,0.00209,0.103,0.331,120.004,audio_features,4
30,0.238,0.617,6,-7.338,0,0.0311,0.228,0.926,0.138,0.12,128.045,audio_features,4
31,0.34,0.696,5,-9.238,1,0.0337,0.00203,0.124,0.0931,0.199,128.045,audio_features,4
32,0.7,0.543,8,-7.033,0,0.0414,0.187,0.000315,0.388,0.382,113.03,audio_features,4
33,0.833,0.519,7,-6.772,1,0.357,0.0771,1.32e-05,0.222,0.828,77.005,audio_features,4
34,0.784,0.521,1,-8.217,0,0.0529,0.323,0.000283,0.0518,0.682,78.456,audio_features,3
35,0.862,0.342,10,-10.095,0,0.0551,0.665,8.19e-05,0.102,0.177,129.992,audio_features,4
36,0.707,0.547,11,-9.021,0,0.0389,0.43,0.16,0.101,0.767,78.0,audio_features,4
37,0.178,0.751,4,-7.202,0,0.0506,0.111,0.894,0.117,0.414,63.929,audio_features,4
38,0.496,0.644,2,-5.385,1,0.0269,0.264,0.0,0.0695,0.435,96.017,audio_features,3
39,0.614,0.408,0,-11.268,0,0.0962,0.565,0.000169,0.0937,0.521,82.008,audio_features,4
40,0.543,0.59,9,-9.379,0,0.0393,0.0242,0.0404,0.577,0.741,79.882,audio_features,3
41,0.836,0.709,11,-9.135,0,0.0352,0.154,0.392,0.0894,0.969,145.952,audio_features,4
42,0.485,0.658,4,-5.977,0,0.0423,0.584,0.139,0.223,0.818,149.941,audio_features,4
43,0.612,0.792,7,-7.382,0,0.0278,0.021,0.951,0.0987,0.546,115.111,audio_features,4
44,0.552,0.652,9,-5.663,0,0.0564,0.0457,0.0,0.0741,0.476,137.598,audio_features,4
45,0.477,0.615,0,-6.504,0,0.026,0.482,0.0308,0.644,0.472,86.472,audio_features,4
46,0.638,0.53,8,-7.468,0,0.103,0.0778,0.335,0.103,0.548,171.649,audio_features,4
47,0.629,0.361,5,-12.433,1,0.0691,0.832,0.266,0.0695,0.253,86.046,audio_features,4
48,0.492,0.42,11,-9.687,1,0.0745,0.617,0.0101,0.0803,0.291,72.875,audio_features,4
49,0.308,0.114,5,-20.291,1,0.0399,0.912,0.919,0.169,0.163,79.261,audio_features,4
50,0.398,0.527,4,-16.591,0,0.0297,0.713,0.934,0.119,0.353,118.504,audio_features,4
51,0.703,0.493,1,-6.217,0,0.278,0.0338,0.0,0.449,0.579,85.039,audio_features,4
52,0.669,0.735,10,-7.264,1,0.329,0.459,0.0,0.103,0.723,117.284,audio_features,4
53,0.524,0.582,4,-9.62,0,0.0288,0.64,0.953,0.0849,0.513,135.088,audio_features,4
54,0.339,0.368,7,-9.691,1,0.0417,0.768,0.00012,0.148,0.253,188.945,audio_features,3
55,0.653,0.524,11,-9.016,0,0.0502,0.112,0.0,0.203,0.553,83.97,audio_features,4
56,0.734,0.42,2,-12.036,1,0.028,0.188,0.242,0.0826,0.462,94.161,audio_features,4
57,0.577,0.604,3,-7.84,0,0.0332,0.182,0.00211,0.205,0.351,99.997,audio_features,4
58,0.558,0.585,11,-6.976,0,0.221,0.0637,0.00132,0.196,0.734,132.042,audio_features,4
59,0.765,0.437,5,-8.994,0,0.0372,0.732,0.00331,0.167,0.667,117.99,audio_features,4
60,0.848,0.542,6,-7.164,1,0.0539,0.155,7.99e-05,0.0767,0.538,132.038,audio_features,4
61,0.759,0.404,10,-11.803,0,0.049,0.462,0.00139,0.0841,0.581,77.977,audio_features,4
62,0.347,0.544,9,-6.517,0,0.0277,0.341,0.88,0.119,0.0789,78.609,audio_features,4
63,0.192,0.129,1,-23.566,1,0.032,0.936,0.97,0.127,0.155,172.923,audio_features,3
64,0.605,0.49,0,-7.148,1,0.0465,0.128,0.000119,0.38,0.355,140.172,audio_features,4
65,0.827,0.77,10,-7.427,0,0.268,0.0237,6.85e-05,0.195,0.91,94.987,audio_features,4
66,0.722,0.378,2,-14.049,1,0.0284,0.106,0.263,0.0772,0.512,94.293,audio_features,4
67,0.41,0.298,3,-11.796,1,0.0473,0.721,0.0,0.158,0.142,109.651,audio_features,3
68,0.615,0.66,8,-6.361,1,0.0874,0.026,4.51e-06,0.112,0.632,151.246,audio_features,4
69,0.493,0.478,10,-8.133,1,0.0284,0.717,0.713,0.28,0.101,124.796,audio_features,4
70,0.416,0.878,1,-3.654,0,0.322,0.0583,0.00453,0.25,0.317,191.936,audio_features,4
71,0.759,0.642,7,-8.16,0,0.0396,0.0365,0.00695,0.128,0.663,123.0,audio_features,4
72,0.216,0.757,7,-7.654,0,0.0302,3.61e-05,0.581,0.209,0.207,89.999,audio_features,4
73,0.734,0.541,7,-8.86,1,0.131,0.454,0.000851,0.132,0.501,140.044,audio_features,4
74,0.793,0.489,8,-10.984,0,0.284,0.25,0.000101,0.432,0.47,120.097,audio_features,4
75,0.472,0.533,11,-7.033,0,0.032,0.494,0.0,0.147,0.348,142.104,audio_features,3
76,0.858,0.426,10,-8.879,0,0.0402,0.00586,0.761,0.0977,0.419,89.981,audio_features,4
77,0.668,0.605,2,-7.608,0,0.0454,0.336,0.000206,0.115,0.877,83.002,audio_features,4
78,0.656,0.687,6,-6.286,0,0.0891,0.136,0.0979,0.14,0.566,72.033,audio_features,4
79,0.719,0.385,8,-10.907,1,0.0403,0.0167,0.0313,0.111,0.27,128.0,audio_features,4
80,0.599,0.229,11,-10.219,1,0.0517,0.429,3.26e-05,0.0955,0.446,169.647,audio_features,3
81,0.467,0.257,5,-10.123,1,0.0314,0.775,0.0,0.118,0.255,106.605,audio_features,3
82,0.482,0.529,0,-5.95,0,0.0302,0.453,0.000668,0.109,0.427,79.648,audio_features,4
83,0.849,0.682,7,-6.241,1,0.123,0.0197,0.00143,0.0996,0.928,121.997,audio_features,4
84,0.786,0.921,0,-6.842,1,0.101,0.0552,0.00181,0.0629,0.628,118.373,audio_features,4
85,0.616,0.854,11,-4.749,0,0.368,0.12,0.0,0.322,0.801,113.982,audio_features,4
86,0.546,0.398,6,-9.225,0,0.0288,0.399,0.0262,0.11,0.442,127.307,audio_features,4
87,0.784,0.94,9,-7.327,0,0.054,0.0716,0.000171,0.133,0.979,137.003,audio_features,4
88,0.661,0.303,1,-14.967,0,0.0301,0.497,0.795,0.0673,0.373,114.037,audio_features,3
89,0.545,0.783,6,-6.265,0,0.0567,0.0261,2.46e-05,0.143,0.402,82.437,audio_features,4
90,0.434,0.642,10,-7.985,0,0.0419,0.0315,0.0525,0.641,0.408,87.321,audio_features,4
91,0.243,0.645,1,-6.333,0,0.0913,0.0995,0.489,0.11,0.467,186.03,audio_features,3
92,0.418,0.527,0,-9.589,1,0.0416,0.0955,0.47,0.595,0.384,130.329,audio_features,4
93,0.859,0.528,0,-8.124,1,0.0417,0.322,0.00103,0.0935,0.886,104.689,audio_features,4
94,0.645,0.351,4,-12.199,1,0.039,0.409,4.99e-06,0.108,0.366,87.01,audio_features,4
95,0.453,0.705,2,-4.969,0,0.0271,0.0145,0.0234,0.117,0.189,100.979,audio_features,4
96,0.636,0.182,9,-14.972,1,0.0297,0.747,0.484,0.11,0.206,129.436,audio_features,4
97,0.331,0.392,4,-12.732,0,0.044,0.44,0.523,0.111,0.209,88.178,audio_features,4
98,0.7,0.447,8,-11.083,0,0.0354,0.532,0.000192,0.0878,0.829,144.726,audio_features,4
99,0.452,0.834,11,-4.657,1,0.0967,0.0417,0.00036,0.119,0.514,142.088,audio_features,4
100,0.749,0.463,11,-8.433,1,0.0828,0.208,0.0371,0.337,0.19,90.028,audio_features,4
101,0.436,0.655,1,-8.37,0,0.0583,0.499,8.1e-06,0.688,0.412,121.002,audio_features,4
102,0.554,0.498,9,-8.866,1,0.0685,0.23,5.98e-06,0.795,0.413,79.635,audio_features,4
103,0.816,0.527,6,-9.479,0,0.0871,0.156,0.000216,0.0998,0.454,152.029,audio_features,4
104,0.599,0.686,8,-5.951,1,0.0422,0.0177,0.00105,0.0929,0.663,148.009,audio_features,4
105,0.589,0.431,9,-10.096,0,0.0475,0.554,0.0317,0.0878,0.159,134.688,audio_features,4
106,0.658,0.31,1,-15.072,0,0.0385,0.883,0.196,0.115,0.371,75.61,audio_features,4
107,0.7,0.4,7,-8.46,1,0.0465,0.212,0.000321,0.55,0.28,93.959,audio_features,4
108,0.365,0.378,0,-10.621,0,0.0372,0.398,0.85,0.112,0.413,114.511,audio_features,4
109,0.499,0.0341,8,-22.31,1,0.0417,0.923,5.27e-05,0.131,0.31,81.735,audio_features,4
110,0.532,0.0657,0,-19.136,0,0.0406,0.94,0.00488,0.0946,0.292,128.607,audio_features,4
111,0.378,0.525,9,-10.788,0,0.0427,0.0588,0.638,0.109,0.0825,134.285,audio_features,4
112,0.27,0.686,4,-10.137,0,0.0541,0.46,0.792,0.135,0.377,138.949,audio_features,4
113,0.294,0.491,7,-11.296,1,0.0342,0.444,0.787,0.109,0.332,110.367,audio_features,3
114,0.471,0.0791,7,-25.623,1,0.0414,0.994,0.917,0.111,0.0607,92.317,audio_features,4
115,0.645,0.836,3,-5.558,1,0.0381,0.202,0.0209,0.156,0.68,105.746,audio_features,3
116,0.621,0.732,5,-6.461,0,0.0506,0.0408,0.00515,0.654,0.284,107.6,audio_features,4
117,0.799,0.514,7,-6.794,0,0.0478,0.291,0.0,0.518,0.455,125.104,audio_features,4
118,0.85,0.508,10,-14.024,1,0.044,0.362,0.073,0.095,0.945,126.5,audio_features,4
119,0.911,0.732,8,-5.995,1,0.0407,0.036,0.283,0.0634,0.908,119.999,audio_features,4
120,0.643,0.45,0,-12.441,1,0.0371,0.215,0.848,0.111,0.802,139.724,audio_features,4
121,0.795,0.594,0,-6.2,1,0.0748,0.112,0.0,0.162,0.409,135.002,audio_features,4
122,0.546,0.583,6,-7.317,0,0.0348,0.002,0.173,0.115,0.235,128.017,audio_features,4
123,0.601,0.859,4,-6.311,0,0.0397,0.0351,0.331,0.144,0.431,101.003,audio_features,4
124,0.671,0.445,4,-7.842,0,0.0291,0.348,5.93e-05,0.155,0.811,75.996,audio_features,4
125,0.3,0.353,4,-15.588,0,0.047,0.777,0.478,0.406,0.19,134.912,audio_features,3
126,0.635,0.874,4,-4.693,0,0.176,0.156,0.0,0.245,0.632,89.895,audio_features,4
127,0.693,0.259,1,-7.918,1,0.0372,0.448,0.000135,0.0995,0.361,88.972,audio_features,4
128,0.581,0.687,6,-5.4,1,0.105,0.229,0.0,0.109,0.187,76.014,audio_features,4
129,0.746,0.454,9,-8.79,1,0.0583,0.122,1.52e-05,0.296,0.268,121.921,audio_features,4
130,0.747,0.494,3,-7.957,0,0.141,0.393,0.0,0.0982,0.624,76.006,audio_features,4
131,0.855,0.659,0,-6.451,1,0.0642,0.0216,0.156,0.075,0.286,130.967,audio_features,4
132,0.48,0.429,10,-8.848,0,0.0479,0.355,0.0552,0.114,0.315,174.27,audio_features,4
133,0.74,0.798,0,-6.55,1,0.146,0.189,0.00128,0.305,0.571,119.964,audio_features,4
134,0.826,0.299,9,-7.721,1,0.0446,0.31,0.0952,0.0758,0.215,97.012,audio_features,4
135,0.704,0.487,9,-6.407,0,0.0604,0.669,8.64e-05,0.111,0.313,121.726,audio_features,4
136,0.291,0.897,2,-2.32,0,0.0542,0.0276,0.65,0.116,0.555,150.185,audio_features,4
137,0.332,0.371,4,-9.884,1,0.0396,0.729,0.00021,0.176,0.375,173.273,audio_features,3
138,0.467,0.397,0,-11.707,0,0.0574,0.425,0.578,0.0989,0.0993,139.97,audio_features,4
139,0.55,0.536,6,-10.045,1,0.0423,0.00612,0.884,0.372,0.539,85.458,audio_features,4
140,0.589,0.511,0,-10.961,1,0.0333,0.0166,0.89,0.125,0.896,139.1,audio_features,4
141,0.781,0.385,10,-9.976,0,0.0789,0.0101,0.587,0.166,0.842,105.812,audio_features,4
142,0.635,0.3,2,-13.957,0,0.0285,0.707,0.829,0.574,0.772,91.452,audio_features,4
143,0.426,0.341,9,-20.588,0,0.0367,0.186,0.954,0.0952,0.674,134.987,audio_features,4
144,0.404,0.695,0,-5.24,1,0.0297,0.00105,0.00194,0.133,0.0821,98.644,audio_features,4
145,0.546,0.595,5,-7.305,1,0.0441,0.341,0.000546,0.0861,0.23,92.146,audio_features,4
146,0.618,0.714,5,-6.533,0,0.075,0.209,0.000569,0.0699,0.676,90.792,audio_features,4
147,0.632,0.306,5,-7.698,0,0.0281,0.653,3.26e-06,0.11,0.314,77.463,audio_features,4
148,0.679,0.503,2,-7.738,1,0.0285,0.63,0.515,0.109,0.882,76.004,audio_features,4
149,0.378,0.9,2,-5.435,1,0.0987,0.114,0.926,0.0907,0.561,133.547,audio_features,4
150,0.579,0.613,6,-12.384,1,0.0271,0.754,0.847,0.0666,0.676,98.286,audio_features,4
151,0.536,0.441,5,-7.244,0,0.0356,0.181,0.564,0.113,0.335,105.556,audio_features,4
152,0.383,0.448,5,-9.693,0,0.0301,0.473,0.558,0.112,0.251,128.746,audio_features,3
153,0.201,0.217,1,-10.626,1,0.0326,0.186,0.888,0.0947,0.0378,84.199,audio_features,4
154,0.406,0.819,5,-6.8,0,0.0392,0.0134,0.504,0.371,0.25,123.763,audio_features,1
155,0.611,0.447,7,-8.695,1,0.026,0.767,0.00737,0.196,0.153,101.037,audio_features,4
156,0.337,0.0339,7,-20.217,0,0.0477,0.994,0.751,0.146,0.051,113.219,audio_features,3
157,0.588,0.576,6,-6.945,0,0.0367,0.218,0.0357,0.172,0.66,129.155,audio_features,4
158,0.663,0.552,5,-8.925,0,0.0308,0.0574,0.0131,0.0973,0.687,132.867,audio_features,4
159,0.635,0.631,7,-10.007,1,0.0343,0.0378,0.138,0.0997,0.619,111.563,audio_features,4
160,0.584,0.532,2,-8.415,1,0.0309,0.000557,0.798,0.264,0.226,122.015,audio_features,4
161,0.21,0.948,11,-5.542,0,0.107,0.000855,0.0299,0.108,0.314,117.646,audio_features,4
162,0.178,0.751,4,-7.202,0,0.0506,0.111,0.894,0.117,0.414,63.929,audio_features,4
163,0.532,0.611,7,-8.95,1,0.0271,0.00749,0.512,0.116,0.261,106.957,audio_features,4
164,0.547,0.538,11,-11.39,0,0.0567,0.473,0.0,0.0369,0.718,202.409,audio_features,4
165,0.869,0.648,11,-8.698,0,0.0633,0.121,2.17e-05,0.126,0.9,125.035,audio_features,4
166,0.311,0.619,3,-9.076,1,0.0314,0.0377,0.894,0.109,0.241,79.92,audio_features,4
167,0.789,0.742,10,-5.664,0,0.0652,0.0681,0.0,0.166,0.661,116.965,audio_features,4
168,0.278,0.239,6,-15.248,1,0.0353,0.901,0.141,0.18,0.204,169.229,audio_features,3
169,0.552,0.928,5,-10.667,1,0.0338,0.00273,0.00384,0.216,0.824,88.648,audio_features,4
170,0.717,0.482,3,-8.071,1,0.0465,0.564,0.000235,0.0921,0.321,103.006,audio_features,4
171,0.675,0.761,4,-4.469,0,0.0466,0.432,0.0,0.102,0.428,119.001,audio_features,4
172,0.518,0.791,9,-5.591,0,0.0334,0.011,0.000275,0.334,0.495,96.618,audio_features,4
173,0.552,0.826,5,-4.482,0,0.031,0.000217,0.00171,0.11,0.666,77.974,audio_features,4
174,0.456,0.803,2,-4.265,1,0.0786,0.000259,0.000368,0.291,0.333,186.15,audio_features,4
175,0.703,0.742,9,-5.542,1,0.0454,0.0509,0.000636,0.625,0.812,94.926,audio_features,4
176,0.614,0.233,5,-18.964,0,0.0568,0.827,0.198,0.13,0.448,126.256,audio_features,4
177,0.761,0.525,11,-6.9,1,0.0944,0.44,6.7e-06,0.0921,0.531,80.87,audio_features,4
178,0.501,0.578,4,-9.892,0,0.025,0.0209,0.00267,0.101,0.452,99.535,audio_features,4
179,0.685,0.339,1,-10.072,0,0.033,0.0135,0.000861,0.0958,0.673,86.958,audio_features,4
180,0.693,0.835,0,-4.989,1,0.0316,0.133,0.375,0.433,0.951,130.068,audio_features,4
181,0.297,0.469,9,-10.424,0,0.0522,0.933,0.924,0.365,0.111,178.058,audio_features,3
182,0.228,0.326,11,-11.953,1,0.037,0.172,0.922,0.111,0.127,175.595,audio_features,4
183,0.784,0.554,7,-6.417,1,0.03,0.00548,0.254,0.0995,0.634,104.01,audio_features,4
184,0.476,0.525,11,-8.418,0,0.0825,0.151,0.00124,0.0853,0.313,104.973,audio_features,4
185,0.461,0.531,0,-11.854,0,0.0389,0.937,0.907,0.117,0.213,120.914,audio_features,4
186,0.441,0.319,5,-11.847,1,0.0302,0.544,0.918,0.11,0.216,94.513,audio_features,4
187,0.434,0.318,4,-13.471,0,0.0481,0.22,0.8,0.18,0.128,124.946,audio_features,4
188,0.455,0.5,7,-9.839,1,0.0362,0.524,0.851,0.108,0.512,100.031,audio_features,4
189,0.357,0.432,2,-13.7,1,0.0375,0.446,0.869,0.173,0.101,129.677,audio_features,4
190,0.328,0.49,9,-13.683,0,0.0308,0.768,0.836,0.186,0.244,155.448,audio_features,4
191,0.311,0.475,2,-13.78,1,0.0369,0.248,0.912,0.0851,0.147,132.197,audio_features,4
192,0.646,0.63,8,-10.748,0,0.0435,0.00462,0.27,0.122,0.164,109.018,audio_features,4
193,0.624,0.679,9,-11.886,0,0.0353,0.267,0.841,0.679,0.191,125.031,audio_features,4
194,0.565,0.726,0,-6.715,1,0.0548,0.00181,3.06e-06,0.103,0.715,178.078,audio_features,4
195,0.506,0.746,7,-7.385,0,0.0307,0.00183,0.0,0.109,0.299,130.996,audio_features,4
196,0.61,0.752,10,-5.062,0,0.0389,0.294,0.0755,0.116,0.832,89.995,audio_features,4
197,0.723,0.669,0,-6.784,1,0.0348,0.0522,0.183,0.109,0.349,125.053,audio_features,4
198,0.558,0.527,5,-8.573,1,0.0253,0.43,3.49e-05,0.139,0.616,176.891,audio_features,3
199,0.249,0.692,8,-7.441,0,0.0397,0.359,0.0311,0.0907,0.345,168.26,audio_features,4
200,0.591,0.662,6,-10.836,1,0.0303,0.514,0.919,0.112,0.279,93.018,audio_features,4
201,0.359,0.474,7,-7.642,0,0.0327,0.0635,3.2e-05,0.0952,0.124,118.623,audio_features,4
202,0.26,0.684,5,-9.513,1,0.039,0.0126,0.646,0.114,0.2,105.261,audio_features,4
203,0.416,0.722,5,-7.746,1,0.0379,0.00821,0.789,0.138,0.305,119.018,audio_features,4
204,0.474,0.789,5,-7.676,1,0.0314,0.0511,0.183,0.111,0.212,125.714,audio_features,4
205,0.673,0.541,0,-8.862,1,0.0263,0.000215,0.00135,0.0851,0.34,115.284,audio_features,4
206,0.403,0.611,5,-5.852,1,0.0323,0.308,0.0168,0.117,0.234,156.15,audio_features,4
207,0.558,0.559,6,-9.222,1,0.0959,0.371,7.49e-06,0.109,0.62,78.558,audio_features,4
208,0.702,0.659,4,-6.766,0,0.13,0.301,0.00201,0.218,0.843,79.64,audio_features,4
209,0.88,0.57,2,-13.145,1,0.0821,0.292,0.0388,0.0674,0.791,106.034,audio_features,4
210,0.31,0.428,10,-13.055,0,0.0305,0.781,0.922,0.0478,0.582,92.294,audio_features,4
211,0.204,0.472,6,-11.444,1,0.0298,0.431,0.939,0.114,0.0586,85.5,audio_features,5
212,0.715,0.725,8,-3.459,1,0.0609,0.328,0.000228,0.121,0.513,73.955,audio_features,4
213,0.692,0.827,5,-2.604,1,0.0331,0.136,0.000563,0.0761,0.628,84.931,audio_features,4
214,0.303,0.0141,10,-19.759,0,0.0418,0.948,0.0944,0.0792,0.157,171.439,audio_features,3
215,0.784,0.645,10,-7.325,0,0.402,0.00936,0.000132,0.117,0.59,109.978,audio_features,4
216,0.683,0.486,4,-9.726,0,0.11,0.822,0.0227,0.276,0.279,126.985,audio_features,4
217,0.415,0.878,1,-3.65,0,0.32,0.0564,0.00348,0.222,0.309,191.777,audio_features,4
218,0.689,0.463,2,-8.121,0,0.0365,0.066,0.000152,0.145,0.864,86.998,audio_features,4
219,0.858,0.426,10,-8.879,0,0.0402,0.00586,0.761,0.0986,0.419,89.981,audio_features,4
220,0.673,0.591,4,-5.224,0,0.0505,0.115,8.42e-05,0.242,0.725,93.46,audio_features,4
221,0.651,0.665,7,-5.807,0,0.101,0.119,0.0,0.153,0.673,101.83,audio_features,4
222,0.706,0.8,5,-6.333,1,0.0399,0.00584,0.0,0.0822,0.629,100.011,audio_features,4
223,0.652,0.671,8,-7.254,1,0.0446,0.492,0.0863,0.0873,0.249,91.518,audio_features,4
224,0.34,0.805,9,-3.223,0,0.163,0.00624,0.00381,0.101,0.622,84.322,audio_features,4
225,0.712,0.8,9,-5.068,0,0.0377,0.0747,0.185,0.0938,0.685,107.047,audio_features,4
226,0.773,0.579,8,-10.109,1,0.0862,0.297,0.00954,0.0607,0.555,170.04,audio_features,4
227,0.802,0.488,1,-9.304,1,0.0813,0.572,0.0598,0.0763,0.624,95.77,audio_features,4
228,0.686,0.611,11,-7.81,0,0.0712,0.113,0.0116,0.0406,0.932,73.946,audio_features,4
229,0.676,0.35,0,-13.425,1,0.0434,0.791,0.0721,0.111,0.261,112.852,audio_features,4
230,0.619,0.487,9,-7.773,0,0.0509,0.547,0.00076,0.158,0.491,156.102,audio_features,4
231,0.311,0.435,6,-11.322,0,0.034,0.918,0.91,0.0994,0.0396,122.308,audio_features,4
232,0.166,0.407,11,-12.888,0,0.037,0.915,0.928,0.0955,0.0364,94.36,audio_features,3
233,0.776,0.503,0,-5.732,0,0.237,0.874,0.0,0.112,0.473,110.134,audio_features,4
234,0.698,0.514,0,-10.325,1,0.0663,0.148,0.0888,0.101,0.63,75.989,audio_features,4
235,0.629,0.823,1,-5.744,1,0.0597,0.35,0.039,0.0801,0.397,169.961,audio_features,4
236,0.782,0.771,11,-9.17,0,0.371,0.00983,0.000255,0.0747,0.368,114.988,audio_features,4
237,0.808,0.805,1,-3.392,1,0.103,0.00113,0.0585,0.193,0.886,107.965,audio_features,4
238,0.618,0.669,7,-7.457,1,0.0359,0.535,0.0,0.577,0.789,97.0,audio_features,4
239,0.563,0.508,1,-10.346,0,0.0497,0.225,0.0,0.0669,0.293,133.959,audio_features,4
240,0.648,0.59,2,-9.664,1,0.0942,0.697,0.808,0.111,0.401,81.045,audio_features,4
241,0.657,0.562,8,-8.6,1,0.0601,0.54,0.00143,0.101,0.704,81.657,audio_features,4
242,0.693,0.504,9,-11.621,1,0.0402,0.628,0.4,0.111,0.254,105.021,audio_features,4
243,0.586,0.893,7,-8.772,1,0.439,0.827,0.642,0.212,0.65,140.023,audio_features,3
244,0.614,0.809,9,-4.749,1,0.0738,0.0105,0.000353,0.148,0.354,112.023,audio_features,4
245,0.221,0.747,4,-5.45,1,0.0492,0.0171,0.0221,0.128,0.304,184.602,audio_features,3
246,0.726,0.481,11,-7.307,1,0.0381,0.0375,2.18e-05,0.0644,0.541,88.141,audio_features,4
247,0.605,0.57,10,-8.582,1,0.0458,0.384,2.35e-06,0.182,0.811,95.967,audio_features,4
248,0.756,0.397,7,-10.701,0,0.0522,0.57,0.0115,0.0542,0.507,101.985,audio_features,4
249,0.772,0.397,7,-8.585,1,0.0391,0.339,0.00541,0.0753,0.617,97.964,audio_features,4
250,0.355,0.0304,1,-20.479,1,0.0361,0.989,0.0555,0.116,0.188,90.495,audio_features,3
251,0.277,0.242,4,-18.442,1,0.0342,0.694,0.464,0.113,0.285,175.384,audio_features,3
252,0.572,0.282,0,-14.537,0,0.0662,0.894,0.893,0.0915,0.54,118.334,audio_features,4
253,0.696,0.538,11,-6.808,0,0.0904,0.117,0.157,0.108,0.615,93.07,audio_features,4
254,0.653,0.598,11,-6.928,1,0.113,0.0596,0.0,0.253,0.137,82.911,audio_features,4
255,0.486,0.504,8,-7.591,1,0.0283,0.0453,0.00135,0.695,0.34,89.523,audio_features,4
256,0.573,0.494,7,-8.938,0,0.0735,0.48,0.0259,0.121,0.762,149.883,audio_features,4
257,0.82,0.413,8,-8.164,1,0.0658,0.654,8.38e-05,0.144,0.575,115.544,audio_features,4
258,0.599,0.377,7,-9.829,1,0.105,0.441,0.00813,0.105,0.543,74.314,audio_features,4
259,0.603,0.783,6,-4.023,1,0.062,0.449,7.96e-06,0.119,0.775,172.041,audio_features,4
260,0.67,0.833,7,-8.365,1,0.0522,0.132,0.195,0.109,0.522,127.984,audio_features,4
261,0.611,0.824,9,-7.939,0,0.0412,0.326,0.0835,0.0995,0.83,87.985,audio_features,4
262,0.713,0.8,7,-5.938,0,0.0349,0.0491,7.96e-05,0.0921,0.814,139.942,audio_features,4
263,0.8,0.361,6,-10.849,0,0.0635,0.0355,3.75e-06,0.0668,0.887,93.059,audio_features,4
264,0.45,0.718,0,-4.035,0,0.256,0.161,2.14e-05,0.323,0.715,131.978,audio_features,4
265,0.574,0.396,0,-5.904,0,0.0247,0.601,0.0225,0.472,0.664,74.892,audio_features,4
266,0.764,0.534,1,-10.966,0,0.0982,0.546,0.0823,0.404,0.647,143.519,audio_features,3
267,0.413,0.227,5,-10.871,1,0.0756,0.411,0.0,0.0912,0.354,86.35,audio_features,4
268,0.676,0.771,8,-3.675,1,0.0483,0.0237,7e-06,0.102,0.569,99.048,audio_features,4
269,0.436,0.411,4,-11.134,1,0.0451,0.708,0.93,0.25,0.18,137.081,audio_features,4
270,0.573,0.571,8,-10.238,0,0.0321,0.264,0.922,0.109,0.127,96.989,audio_features,4
271,0.344,0.353,0,-12.2,1,0.0315,0.0214,0.000332,0.111,0.273,182.551,audio_features,3
272,0.676,0.495,9,-10.504,0,0.03,0.0127,0.000992,0.0792,0.91,125.434,audio_features,4
273,0.312,0.588,0,-8.935,0,0.0368,0.477,0.956,0.127,0.13,139.815,audio_features,4
274,0.709,0.838,2,-9.668,0,0.079,0.276,0.0108,0.109,0.898,91.216,audio_features,4
275,0.441,0.51,2,-9.37,1,0.0346,0.0112,0.0527,0.111,0.437,142.486,audio_features,4
276,0.612,0.595,11,-9.397,0,0.0332,0.725,0.853,0.0925,0.493,99.031,audio_features,4
277,0.77,0.68,5,-4.451,0,0.0578,0.211,0.00102,0.114,0.37,107.024,audio_features,4
278,0.686,0.701,5,-5.702,0,0.0968,0.257,0.00281,0.088,0.605,173.994,audio_features,4
279,0.743,0.347,1,-11.174,1,0.121,0.167,0.00951,0.103,0.572,160.143,audio_features,4
280,0.555,0.115,1,-17.882,1,0.0276,0.817,0.864,0.106,0.0638,90.014,audio_features,4
281,0.392,0.683,8,-9.654,1,0.125,0.0639,0.000599,0.392,0.593,115.934,audio_features,4
282,0.419,0.296,6,-14.721,1,0.0308,0.914,0.927,0.193,0.121,111.452,audio_features,4
283,0.372,0.187,0,-13.497,0,0.0323,0.942,0.139,0.161,0.217,70.334,audio_features,4
284,0.488,0.476,5,-10.316,0,0.0497,0.438,0.000279,0.11,0.583,110.951,audio_features,4
285,0.585,0.686,11,-7.939,0,0.0593,0.00252,7.74e-05,0.0744,0.528,188.265,audio_features,4
286,0.688,0.425,4,-8.134,0,0.027,0.748,0.00548,0.101,0.179,129.975,audio_features,4
287,0.707,0.238,3,-8.818,1,0.0379,0.0905,2.42e-06,0.0842,0.345,124.156,audio_features,3
288,0.606,0.503,7,-6.678,0,0.155,0.0475,0.0,0.116,0.31,80.04,audio_features,4
289,0.825,0.548,6,-6.899,1,0.0809,0.441,0.000842,0.179,0.792,98.976,audio_features,4
290,0.66,0.479,6,-6.185,0,0.0322,0.769,0.775,0.327,0.717,97.167,audio_features,4
291,0.795,0.501,4,-5.273,0,0.0322,0.611,0.0022,0.151,0.54,99.952,audio_features,4
292,0.664,0.68,11,-7.717,0,0.0238,0.371,0.0165,0.228,0.492,97.914,audio_features,4
293,0.824,0.396,2,-9.663,1,0.332,0.0323,0.00289,0.108,0.252,118.053,audio_features,4
294,0.476,0.585,11,-14.211,0,0.0478,0.107,1.43e-05,0.149,0.523,110.275,audio_features,4
295,0.647,0.71,0,-4.692,1,0.029,0.000973,0.703,0.0777,0.268,110.059,audio_features,4
296,0.68,0.64,1,-6.691,0,0.0336,0.29,0.00593,0.124,0.738,105.981,audio_features,4
297,0.625,0.682,9,-11.882,0,0.0355,0.267,0.85,0.679,0.183,125.032,audio_features,4
298,0.794,0.757,6,-6.644,0,0.123,0.0267,0.000306,0.0621,0.615,107.99,audio_features,4
299,0.707,0.684,2,-7.587,1,0.0623,0.512,0.0196,0.0981,0.763,146.168,audio_features,4
300,0.538,0.605,3,-7.608,0,0.0368,0.128,0.00445,0.151,0.729,158.181,audio_features,4
301,0.546,0.696,4,-6.537,1,0.0335,0.0887,1.84e-05,0.195,0.596,89.882,audio_features,4
302,0.522,0.554,1,-6.546,0,0.0823,0.226,0.0,0.119,0.444,140.968,audio_features,4
303,0.681,0.774,11,-8.001,0,0.06,0.372,5.74e-05,0.373,0.773,104.71,audio_features,4
304,0.68,0.658,4,-4.186,0,0.0339,0.637,4.27e-05,0.107,0.722,96.041,audio_features,4
305,0.599,0.887,4,-3.967,1,0.0984,0.0192,1.21e-06,0.3,0.881,170.918,audio_features,4
306,0.775,0.415,5,-12.945,0,0.0494,0.109,0.442,0.132,0.596,103.001,audio_features,4
307,0.658,0.294,4,-8.533,0,0.0321,0.422,5.2e-05,0.0749,0.358,74.038,audio_features,4
308,0.647,0.626,8,-10.753,0,0.0424,0.00422,0.323,0.122,0.185,109.015,audio_features,4
309,0.764,0.752,10,-5.197,0,0.0466,0.0597,0.00473,0.0862,0.495,143.044,audio_features,4
310,0.414,0.473,11,-8.911,0,0.116,0.663,0.0523,0.128,0.409,100.0,audio_features,4
311,0.837,0.738,1,-5.297,0,0.117,0.0381,6.97e-06,0.0589,0.715,110.993,audio_features,4
312,0.76,0.579,0,-7.374,1,0.0569,0.0129,0.00351,0.106,0.125,100.01,audio_features,4
313,0.707,0.562,0,-7.621,1,0.0305,0.124,1.58e-05,0.561,0.418,98.094,audio_features,4
314,0.598,0.427,7,-8.764,0,0.0317,0.0546,5.83e-06,0.21,0.0605,76.469,audio_features,4
315,0.726,0.769,6,-5.043,1,0.123,0.0293,0.0101,0.104,0.733,97.985,audio_features,4
316,0.575,0.77,2,-4.795,0,0.228,0.678,0.00122,0.116,0.468,160.006,audio_features,4
317,0.704,0.758,0,-3.537,1,0.0402,0.233,0.00144,0.0924,0.534,120.003,audio_features,4
318,0.745,0.807,9,-5.79,0,0.0719,0.114,4.97e-05,0.0917,0.454,117.96,audio_features,4
319,0.741,0.52,8,-7.513,1,0.0656,0.45,1.97e-06,0.222,0.347,102.998,audio_features,4
320,0.585,0.62,3,-8.09,0,0.0327,0.0426,0.00224,0.15,0.281,101.939,audio_features,4
321,0.64,0.74,4,-4.083,1,0.0284,0.0115,0.00678,0.167,0.785,116.879,audio_features,4
322,0.57,0.662,5,-8.171,1,0.0275,0.419,0.185,0.136,0.565,156.981,audio_features,4
323,0.694,0.63,7,-6.84,0,0.162,0.0998,0.000635,0.12,0.341,90.045,audio_features,4
324,0.607,0.493,10,-9.285,0,0.0355,0.438,0.914,0.0922,0.677,75.713,audio_features,4
325,0.336,0.0619,5,-20.494,0,0.0363,0.985,0.891,0.11,0.197,60.705,audio_features,4
326,0.356,0.0937,8,-16.64,0,0.0353,0.957,0.096,0.209,0.278,86.669,audio_features,3
327,0.494,0.182,10,-11.116,0,0.0443,0.79,0.00036,0.129,0.21,112.689,audio_features,4
328,0.447,0.121,3,-21.562,1,0.0378,0.803,0.777,0.0695,0.0989,121.761,audio_features,4
329,0.506,0.493,8,-7.759,1,0.0427,0.798,0.00355,0.307,0.584,134.77,audio_features,4
330,0.464,0.305,3,-12.435,0,0.0316,0.936,0.0846,0.208,0.282,108.229,audio_features,4
331,0.859,0.782,10,-8.344,1,0.0369,0.154,0.0297,0.0693,0.931,119.518,audio_features,4
332,0.843,0.48,11,-11.574,0,0.0492,0.28,0.000782,0.108,0.762,101.993,audio_features,4
333,0.694,0.831,9,-7.288,1,0.0301,0.165,0.000892,0.25,0.98,125.901,audio_features,4
334,0.692,0.552,0,-9.543,0,0.0497,0.0503,0.165,0.136,0.15,98.028,audio_features,4
335,0.477,0.483,0,-7.344,1,0.0273,0.256,0.79,0.337,0.557,123.875,audio_features,3
336,0.541,0.378,2,-6.283,0,0.0296,0.636,0.594,0.0899,0.401,136.94,audio_features,4
337,0.418,0.729,1,-6.014,1,0.0401,0.584,0.0455,0.141,0.686,152.211,audio_features,4
338,0.835,0.527,7,-7.272,0,0.128,0.204,0.000423,0.283,0.611,106.003,audio_features,4
339,0.734,0.776,2,-4.193,1,0.0826,0.0406,0.193,0.0547,0.843,78.542,audio_features,4
340,0.69,0.909,1,-3.628,0,0.0601,0.165,0.0,0.248,0.751,129.954,audio_features,4
341,0.453,0.414,1,-8.197,1,0.0293,0.787,0.949,0.105,0.181,128.348,audio_features,3
342,0.73,0.622,7,-11.7,0,0.0532,0.269,0.00874,0.111,0.752,90.973,audio_features,4
343,0.518,0.376,9,-18.248,0,0.0431,0.933,0.86,0.0976,0.744,158.089,audio_features,4
344,0.584,0.975,11,-6.534,0,0.0651,0.141,0.501,0.101,0.876,138.341,audio_features,4
345,0.729,0.545,0,-7.818,1,0.0316,0.0174,0.000274,0.369,0.514,103.012,audio_features,4
346,0.462,0.501,5,-9.044,0,0.0402,0.041,0.867,0.0648,0.191,161.782,audio_features,4
347,0.56,0.438,7,-13.861,1,0.04,0.0467,0.758,0.115,0.39,94.01,audio_features,4
348,0.399,0.205,9,-20.563,1,0.035,0.689,0.923,0.0961,0.0653,128.925,audio_features,4
349,0.689,0.637,11,-7.599,0,0.0691,0.654,0.363,0.12,0.586,140.054,audio_features,4
350,0.512,0.81,11,-8.217,1,0.0382,0.279,0.96,0.168,0.219,122.062,audio_features,4
351,0.667,0.555,5,-8.969,0,0.033,0.616,0.918,0.097,0.289,123.973,audio_features,4
352,0.594,0.74,6,-6.959,0,0.0324,0.633,0.96,0.111,0.249,107.987,audio_features,4
353,0.578,0.569,8,-10.071,0,0.0321,0.265,0.914,0.109,0.121,96.937,audio_features,4
354,0.605,0.422,4,-15.64,0,0.0318,0.403,0.902,0.0974,0.172,120.052,audio_features,4
355,0.585,0.286,6,-13.695,1,0.0682,0.928,0.0422,0.0987,0.332,145.156,audio_features,4
356,0.673,0.491,0,-10.744,1,0.0278,0.00018,0.0025,0.136,0.331,115.29,audio_features,4
357,0.425,0.454,0,-12.446,1,0.0269,0.175,0.549,0.093,0.169,87.874,audio_features,4
358,0.776,0.417,5,-12.947,0,0.0495,0.112,0.462,0.133,0.608,103.0,audio_features,4
359,0.686,0.374,11,-11.029,0,0.0439,0.665,1.91e-05,0.101,0.693,102.879,audio_features,4
360,0.509,0.714,2,-8.543,1,0.0773,0.599,0.0843,0.13,0.772,130.115,audio_features,4
361,0.698,0.835,0,-4.973,1,0.0308,0.135,0.537,0.455,0.96,130.058,audio_features,4
362,0.685,0.525,9,-9.271,0,0.0317,0.769,0.0129,0.37,0.628,108.979,audio_features,4
363,0.76,0.637,0,-7.964,1,0.0275,0.325,0.0533,0.139,0.759,110.958,audio_features,4
364,0.774,0.419,4,-9.649,0,0.0758,0.539,0.0698,0.029,0.644,118.008,audio_features,4
